{"cameraMode":{"drawMode":0,"name":"Shaded","section":"Shading Mode"},"sceneLighting":false,"audioPlay":false,"sceneViewState":{"m_AlwaysRefresh":false,"showFog":true,"showSkybox":false,"showFlares":true,"showImageEffects":true,"showParticleSystems":true,"showVisualEffectGraphs":true,"m_FxEnabled":true},"in2DMode":false,"pivot":{"x":2.2351741790771486e-8,"y":0.14409053325653077,"z":1.4901161193847657e-8},"rotation":{"x":0.1416407823562622,"y":-0.7117209434509277,"z":0.15013401210308076,"w":0.6714563965797424},"size":1.4698874950408936,"orthographic":false}