{"cameraMode":{"drawMode":0,"name":"Shaded","section":"Shading Mode"},"sceneLighting":false,"audioPlay":false,"sceneViewState":{"m_AlwaysRefresh":false,"showFog":true,"showSkybox":false,"showFlares":true,"showImageEffects":true,"showParticleSystems":true,"showVisualEffectGraphs":true,"m_FxEnabled":true},"in2DMode":false,"pivot":{"x":-0.32929691672325137,"y":0.12000185251235962,"z":0.7019513845443726},"rotation":{"x":0.4126429557800293,"y":-0.2816217839717865,"z":0.13583026826381684,"w":0.8555507659912109},"size":1.1291656494140626,"orthographic":false}